{"cameraMode":{"drawMode":0,"name":"Shaded","section":"Shading Mode"},"sceneLighting":true,"audioPlay":false,"sceneViewState":{"m_AlwaysRefresh":false,"showFog":true,"showSkybox":true,"showFlares":true,"showImageEffects":true,"showParticleSystems":true,"showVisualEffectGraphs":true,"m_FxEnabled":true},"in2DMode":false,"pivot":{"x":-29.46038246154785,"y":7.403868198394775,"z":5.557083606719971},"rotation":{"x":0.1914290338754654,"y":0.0014605933101847768,"z":-0.000327299494529143,"w":0.9815441370010376},"size":31.399534225463868,"orthographic":false}