{"cameraMode":{"drawMode":0,"name":"Shaded","section":"Shading Mode"},"sceneLighting":true,"audioPlay":false,"sceneViewState":{"m_AlwaysRefresh":false,"showFog":true,"showSkybox":false,"showFlares":true,"showImageEffects":true,"showParticleSystems":true,"showVisualEffectGraphs":true,"m_FxEnabled":true},"in2DMode":false,"pivot":{"x":-0.25069499015808108,"y":1.6479167938232422,"z":0.9332829117774963},"rotation":{"x":-0.2572103440761566,"y":0.6231940984725952,"z":-0.22819803655147553,"w":-0.7024312019348145},"size":2.0270447731018068,"orthographic":false}